id,text,source,category,kristoffer,vilde,sondre,mathias
1226100821122834432,"Det fÃ¸rer til en mer sivilisert debatt, nÃ¥r man vet man er sÃ¥nn passe enige om mÃ¥l (men ikke helt), og mest uenige om virkemiddel. Men i dag virker partiene mer enige om at staten er selve virkemiddelet, men man virker ganske uenige om mÃ¥let for *bruken* av denne sterke staten.",tw,1,1,1,1,1
11442,Navn Navn Navn en smule TDS pÃ¥ gang eller?,fb,1,1,1,1,2
1226049907091439617,@USER @USER @USER Sannsynligvis utsolgt lenge ja. Samtidig tok vinneren kontakt med TV 2 i juni for Ã¥ fortelle hvilken kamp han Ã¸nsket. Det var en god stund fÃ¸r sesongstart...,tw,1,1,1,1,1
8639,Hvorfor ikke like gjerne boikotte hele OslohÃ¸let ??,fb,3,2,3,2,1
1222822425353768961,"Se fÃ¸rste NM-Ã¸velse, 10 km fri teknikk, kvinner",tw,1,1,1,1,1
4678335570,Trum fÃ¥r unnagjort de aller viktigste sakene som betyr noe i en stor effektivitet .,rs,1,1,1,1,1
1219896287866368000,Siste interaktiv:  - Interaktiv grafikk som viser de 20 mest populÃ¦re jente- og g -,tw,1,1,1,1,1
1226050797122703360,"Tenn gnisten igjen: Hvordan bli forelsket i kjÃ¦resten din pÃ¥ nytt?: Hva skjer hvis du elsker din bedre halvdel, men ikke lenger er forelsket? Her er Ã¥tte rÃ¥d for Ã¥ tenne gnisten igjen.",tw,1,1,1,1,1
12433,En bot er ingen problem for Norge. VI har penger til alt bare ikke pensjonistene,fb,1,1,1,1,2
1223970297893785601,"Kinesiske myndigheter har visstnok innfÃ¸rt midlertidig forbud mot handel med ville dyr pÃ¥ de sÃ¥kalte ""kjÃ¸ttmarkedene"" pga virusutbruddet.Hvorfor bare midlertidig? Og hvorfor ikke utvide forbudet til Ã¥ gjelde den motbydelige handelen med hunder og katter ogsÃ¥?  #virus #virusCorona",tw,1,1,1,1,1
1219237377983598594,Kanskje pÃ¥ tide Ã¥ bli realist og forstÃ¥ at man ikke kan forvente at andre skal betale for egne fantasier. Ã… tro at man kan hente inn 90.000.000.000 kroner fra bompenger i en by...,tw,1,1,1,1,1
3586,"Navn Navn Misfjord, er nok beleilig det nÃ¥! Men ganske essensielt i denne spesielle saken! Fram med sannheten!",fb,1,1,1,1,1
4675764990,"Forsker fra Cicero! De har jo konklusjonen ferdig fÃ¸r de har sett pÃ¥ et eneste tall. NÃ¥r de jobber i Cicero er de ikke forskere, i ordets rette forstand, men klima fanatkere. Det Torvanger bÃ¸r glede seg over er at utslippene ikke skjer i Oslo.",rs,1,1,1,2,2
1227720303146622978,"@USER @USER @USER @USER @USER @USER @USER @USER @USER Du skjÃ¸nner ikke at kollapsen av velferdssamfunnet vÃ¥rt ogsÃ¥ vil ramme de rikeste? Og du aner ikke hva de rike blir rike av? Men du kan lese, og forstÃ¥r engelsk? PrÃ¸v igjen, i sÃ¥ fall.",tw,1,2,1,2,2
1228564248722395142,"@USER Grus kan vÃ¦re grÃ¸nn(USA), mÃ¸rkerÃ¸d(Sverige) og til og med har de hatt blÃ¥ grus i Madrid! Fransk grus(RÃ¸d) er den beste og vanligste pÃ¥ ATP touren - knust teglstein!",tw,1,1,1,1,1
4687559315,"Det foregÃ¥r massive tiltak for Ã¥ bytte ut nordmenn med muslimer. Tiltak pÃ¥ tiltak blir finansiert av staten, for Ã¥ skolere og lÃ¸nne innvandrere. Som deretter skyver nordmenn ut i kulden.",rs,3,2,1,2,2
8833,Drit i de jÃ¦vla mdg og kjÃ¸r inn og nyt dagen med de flotte Amcar bilene ğŸ˜ğŸ‘,fb,1,2,3,2,2
575,Og Erna skjÃ¸nner ingenting.,fb,1,2,1,1,1
2851,Navn Navn tviler pÃ¥ de fÃ¥r lov Ã¥ vÃ¦re en del av forsvaret i det hele tatt...,fb,1,1,1,1,1
1214665794627522560',@USER @USER Ja Det har du rett i men det er sÃ¥ rart at nÃ¥r det snakkes om klima sÃ¥ er uansett penger inn i bildet og avgifter.',tw,1,1,1,1,1
1224464157954772992,"@USER @USER @USER @USER @USER @USER @USER Enig, nope. Hold ut.  Shit, her er vi Ã¥pne ass. Jeg har holdt alt dette for meg selv i 19 Ã¥r, nÃ¥ inn i det 20 Ã¥ret har jeg vedtatt at dette ikke er mitt Ã¥ bÃ¦re alene,for det fÃ¥r konsekvenser for behandling og for mÃ¥ten vi bÃ¥de blir forstÃ¥tt,Ã¸konomisk og politisk at vi ikke hÃ¸res.",tw,1,1,1,1,1
1217775482726428672,"Eller noe sÃ¥nt, tenkte ikke ut sammenligninga helt. Basically mÃ¥ Erna irettesette den lille drittungen i klassen som kontinuerlig Ã¸delegger for alle andre bare fordi hen ikke fÃ¥r vilja si 100% hele tiden som den gjÃ¸r hjemme hos de rike foreldrene sine.",tw,1,2,1,2,2
1219742887392555008,Kepa begynner Ã¥ ligne en veldig dyr Mignolet...,tw,1,1,1,1,1
1225806902430437377,@USER Den begynner Ã¥ bli litt sliten stakkars. Hatt den i 4-5 Ã¥r.,tw,1,1,1,1,1
4679378980,Men Ropstad da...Dette er jo reinspikka rasisme,rs,1,2,1,1,1
1218233766923132928,"@USER @USER Som om fakta har noen effekt pÃ¥ tanketomme klimahysterikere? Nei dessverre. #Klima er en religion, og man kan ikke bekjempe religion med fakta.",tw,2,1,2,2,1
1226091746741956609,@USER @USER @USER @USER @USER Skjerp dere! Lille Norge kan ikke redde verden! Jeg spiser hva jeg vil og kjÃ¸rer min diesel bil til den knekker! Jeg bestemmer i mitt liv! Har ikke rÃ¥d eller vilje til deres maktbegjÃ¦r. FNğŸ˜¡EUğŸ˜¡EÃ˜S og Schengen ğŸ˜¡,tw,1,2,1,2,1
1228599622534340608,"Politiet her i Skien prÃ¸ver Ã¥ legge skylda for overdosedÃ¸dsfall pÃ¥ at ""folk tror narkotika er mindre farlig"". Hvem tror heroin, fentanyl eller andre opiater er mindre farlig enn de trodde fÃ¸r? Neppe. Men folk endrer kanskje mening om cannabis ol. fordi ""narkotika"" er sÃ¥ mangt.",tw,1,1,1,1,1
1217041807764336640,"@USER Den NRK-artikkelen var bra, leste og delte den i gÃ¥r. I stedet for Ã¥ avslÃ¸re for ""miljÃ¸et"" at hun angrer, gÃ¥r ""Tomine"" I dekning, flytter til en annen by. Angrerne forteller ikke Ã¥pent at de angrer - det er ""transfobt"" Ã¥ angre.  Jeg ser for meg et miljÃ¸ hvor man er under press.",tw,1,1,1,1,1
1224553066084519936,@USER @USER @USER Gass om ğŸ˜,tw,1,1,1,1,1
1233711952062504961,"Ber en forsvarsspiller markere Â«han svarte spillerenÂ», som han ikke kan navnet pÃ¥, rett fÃ¸r en corner imot. 8 kampers karantene, 600k i bot og blir dÃ¸mt for rasisme (stemplet som rasist). Er det riktig?",tw,1,1,1,1,1
4402,"Navn. Tja, det var Arbeiderpartiet, SP og SV som bombet Libya, tilbake til middelalderen.",fb,1,1,1,2,1
1217532238058881024,Det er ganske underholdende og lese kommentarfelt. SÃ¦rlig i saker som omhandler vegetarmat. Herlighet sÃ¥ folk kan hisse seg opp over valgmuligheter og folks engasjement for bÃ¦rekraft og inkludering.,tw,1,1,1,1,1
1222839250573504512,"Vi Ã¸nsker Ã¥ styrke vÃ¥rt samarbeid med land lengst mulig unna, slik at det medfÃ¸rer hyppige besÃ¸k til disse land som vi sÃ¥ gjerne Ã¸nsker Ã¥ besÃ¸ke. Vetinst lÃ¦rer av politikerne. Selv om NMBU overgÃ¥r alle i studiereiser til fjerne strÃ¸k",tw,1,1,1,1,1
7761,Navn Navn vil du ha kjennskap til mine eventuelle diagnoser ogsÃ¥? Ettersom argumentet ditt er at du abonnerer skattebetalerne finansierer behandlingen ?,fb,1,1,1,1,1
1218958980153839617,@USER Ã… bli blokkert er i seg selv ingen trussel mot ytringsfrihet. Ytringsfriheten tvinger ingen til Ã¥ hÃ¸re pÃ¥ deg. Men nÃ¥r det er sagt stiller jeg meg tvilende til at tapet er sÃ¦rlig stort. Det nivÃ¥et som har kommet derfra har vÃ¦rt sÃ¸rgelig en god stund nÃ¥.,tw,1,1,1,1,1
4682055422,"Hvorfor befinner denne fyren seg i et hvitt omrÃ¥de pÃ¥ jorden?Han har det vondt, vi fÃ¥r hjelpe han hjem.",rs,5,1,1,2,1
4680643574,Det samme med Nettavisen sitt kommentarfelt.,rs,1,1,1,1,1
1218579946483994625,"EU vurderer midlertidig forbud mot ansiktsgjenkjenning, og  Ã¸nsker tid til Ã¥ finne ut hvordan de skal klare Ã¥ unngÃ¥ misbruk av teknologien. #teknologi",tw,1,1,1,1,1
1226959499451301889,"@USER Hva faen?! Ingen svart lesbisk einbeint transgender spiller? Nei, dette er for galt.",tw,2,3,2,2,2
1226105616864829441,BÃ¸yer meg i stÃ¸vet for NRK som vil hjelpe de som trenger det. Medmenneskelighet er noe vi alle mÃ¥ lÃ¦re. Tusen takk  klighet#NRKSvalbard,tw,1,1,1,1,1
1217563350760153090,"@USER Nei.  Jeg ville aldri ha Maguire til United.   Det er ikke vÃ¥re penger, men kom ikke Ã¥ si at det ikke pÃ¥virker fremtidige kjÃ¸p.  Ergo sÃ¥ er det en katastrofe.  Kaptein?  Forbanna vits!!!  SeriÃ¸st, SolskjÃ¦r og rÃ¸kla kan ta en bolle og ryke og reise.  Jeg blir kvalm ğŸ¤•",tw,1,2,1,2,1
9511,No mÃ¥ dere heller begynne Ã¥ fjerne overflÃ¸dige i byrÃ¥kratiet isteden for og ansette flere,fb,1,1,1,1,1
1218320230927126528,Feirer nykommunen pÃ¥ skuddÃ¥rsdagen,tw,1,1,1,1,1
10273,"VÃ¥rt bitte lille land, skal alltid redde hele verden ! MDG fÃ¥r heller dra til f.eks. Kina og India. Der fÃ¥r dem litt Ã¥ jobbe med ! Dem greier jo ikke Ã¥ tenke annet enn ""grÃ¸nt "". Jeg kommer til Ã¥ spise kjÃ¸tt og fisk, akkurat som fÃ¸r ! ğŸ– ğŸğŸ¦Œ",fb,2,2,2,2,1
1222840774414475264,@USER Det er egentlig facinerende hvordan bittelille norge har sp mye kultur forskjell innad,tw,1,1,1,1,1
4678113264,"Nemlig!De som bruker tulle ordet,""klimafornekter"" aner ingen ting om vÃ¦r, eller hva klima er.",rs,1,1,1,2,1
4676247610,Er ikke Oslo Met steinen Lars Gule holder til under ?,rs,1,1,1,1,1
1222757485053992961,"@USER @USER Kommer ikke utenom at islam passer dÃ¥rlig inn i et vestlig levesett, uansett hvordan man vrir og vender og relativiserer.",tw,1,1,1,2,2
1219903107058012160,"Mannen som gjorde det mange menn tenker de skulle gjort, men aldri gjÃ¸r. En handlingens mann der altsÃ¥!",tw,1,2,1,1,1
3198,"Tony.. Ehh.. Siden nÃ¥r fikk alle land like lover? ğŸ˜‚ Og hvor henter du tallet millioner i flertall pÃ¥? Ingen som hittil har kunnet vist hvor tallet kommer fra, men kanskje du klarer det?",fb,1,1,1,2,1
4680626611,"Nope, ingen sa et kvekk.. https://www.vg.no/rampelys/...",rs,1,1,1,1,1
1225330459787382786,For oss med sosial angst er selvbetjening det beste som har skjedd siden Internett.,tw,1,1,1,1,1
1228916011837030402,@USER @USER Hvis dagpenger og NAV forsvinner i sin helhet er det fordi hÃ¸yresida vil det.,tw,1,1,1,1,1
1218283898079272960,"@USER @USER Er det sÃ¥nn at ytringsfrihet kun gjelder for Resetts kommentarfelt, mens dem som tar til motmÃ¦le skal trues til taushet? Dette er skremmende!",tw,1,1,1,1,1
1221373093425418240,Den kinesiske giganten Tencent har lagt inn bud pÃ¥ Funcom -,tw,1,1,1,1,1
1218116578950221824,VIBREREND ZADEL Far og jente sigpd7,tw,1,1,1,1,1
4685545606,Det er ingen avis. Det er et dagsenter for aktivister som ikke kan skrive sÃ¦rlig bra.Se gjerne hvordan de har behandlet folk tidligere. Som de nylige oppfordringene til Ã¥ angripe Scandza Forum.Naturlig nok er det ingen grunn til Ã¥ stole pÃ¥ sÃ¥nne.,rs,2,1,1,2,1
4559,Hva med nedslaktingen av andre grupper i Afrika? Drap av hele landsbyer en gang i uken ca. sÃ¥vidt nevnt av media her hjemme. SelvfÃ¸lgelig den perfekte religion som stÃ¥r bak. Afrika er betydelig nÃ¦rmere oss enn New Zealand.,fb,4,2,2,1,2
4662610551,Som i Norge fÃ¥r ogsÃ¥ svenske innvandrerbanditter bare tilsnakk og sluppet lÃ¸s. Grensen gÃ¥r ved mord ser det ut til.,rs,1,2,3,1,2
1167,"MÃ¸tes pÃ¥ traktern 11:58 imorgen for Ã¥ slÃ¥ss, jenter",fb,1,1,1,1,1
1228571546593234944,"er du glad der en hÃ¸yere verden intelligens som tar tak,  ser farene, ny energi, sÃ¥ vi ikke blir slaver under islam, tiltak sÃ¥ vi stÃ¥r i mot redde oss, andre tiltak,",tw,3,1,1,2,2
9302,Navn Navn Frp holder hva de lover hvis de fÃ¥r stemmene de trenger for flertall. Stem Frp.â™¥ï¸ğŸ¤—,fb,1,1,1,1,1
1229007120735055872,@USER @USER @USER Ikke veldig store penger Ã¥ tjene hverken i form av skatt eller arbeidsplasser.,tw,1,1,1,1,1
1222824047626670081,"Synspunkt   Men selv om Beatles sang Â«All you need is loveÂ», er det fortsatt tankevekkende Â«farligÂ» Ã¥ benytte ordet kjÃ¦rlighet i arbeidslivskontekst, skriver @USER",tw,1,1,1,1,1
1220318587770015745,"@USER @USER AltsÃ¥, @USER - hva er det her for noe?",tw,1,1,1,1,1
1221383592544174081,"Hvis ManU sitt problem sitter lengre opp og SolskjÃ¦r ikke er rett mann, vil ikke det Ã¥ ansette Pochettino Ã¥ gi han Â« all maktÂ» lÃ¸se veldig mye?",tw,1,1,1,1,1
1224252002319904769,"FÃ¸rste mÃ¥ned i pappaperm er over. Oppsummert: Poden syk to runder, totalt 14 dager. Far syk 10 dager og vÃ¦rt gjennom en antibiotikakur. SÃ¥ til de som tror det er barnemat Ã¥ vÃ¦re hjemme i perm: det er det ikkeğŸ§’ğŸ˜·",tw,1,1,1,1,1
1224429629890531329,Vi mÃ¥ sette en sluttdato for oljen: Mitt resonnement som HÃ¸yre-politiker,tw,1,1,1,1,1
12823,"Dette er trist,Siv J.har gang pÃ¥ gang fortalt hvor bra Norge gÃ¥r,det er bare rein jug,12000 fler arbeids ledige fra sist sommer,ikke rart hun fikk det travelt med Ã¥ ramle ned fra taburetten.",fb,2,2,2,2,1
4678973037,Det var en knakande god ide' - stÃ¸tter den :),rs,1,1,1,1,1
7545,Det bÃ¸r gÃ¥ an ha to tanker i hodet pÃ¥ en gang. ğŸ‘,fb,2,1,1,1,1
1221099890467536896,"@USER Ansatte en Tyrkisk Muslim i 1970. Han var utdannet i Tyskland, kompetent og effektiv og lot seg lede.  Hvis Raja er det beste vi kan stille med i denne viktige stillingen, slik at han skal styre oss, stÃ¥r det virkelig dÃ¥rlig til med opprinnelige Nordmenn.",tw,1,1,1,1,1
1214142551722283008,"â€“ Dette er fÃ¸rst og fremst et pressestunt fra fossilene, ikke noe klimatiltak som monner. De store utslippene kommer fra bruk av olje, ikke produksjon, sier Natur og Ungdom. Frederic Hauge derimot, er i lomma pÃ¥ industrien. Gjett hvem jeg er enig med.",tw,1,1,1,1,1
10536,"Tror vi bÃ¸r bekymre oss mer om plantenes miljÃ¸ og miljÃ¸gifter i matjord, hav, ferskvann, og i alt som lever der. Som vi er avhengig av for at vi skal fÃ¥ mat pÃ¥ bordet og et liv.",fb,1,1,1,1,1
12206,"Navn Navn . Enig, men det er vel en kar til som en mÃ¥ passes pÃ¥.",fb,1,1,1,1,1
1226081790948990976,Presis leder fra â¦@USER Â«Norske myndigheter har somlet nok i dette arbeidet. Vi risikerer Ã¥ gÃ¥ glipp av store muligheter dersom det ikke skjer noe raskt.Â» â¦@USER â¦@USER og â¦@USER kan gjÃ¸re en stor forskjell,tw,1,1,1,1,1
1221743885380214784,@USER @USER Alle er ute etter Ã¥ fÃ¥ anerkjennelse slik at de selv fÃ¥r en stÃ¸rre status pÃ¥ sosial plattformer. #slikerverdenblitt,tw,1,1,1,1,1
9072,Navn Navn Navn Navn Er pensjonist. Det du sier er ikke sant. UndersÃ¸k pÃ¥ Google fÃ¸r du feier alle pensjonistene med samme kost.,fb,1,1,1,1,1
1222247966343299073,"@USER @USER @USER @USER @USER Klimahysteri, Ã¸nske om mer innvandring m.m....nok slÃ¸sing til sÃ¥nt! Pasienter som  ikke fÃ¥r medisiner de har bruk for pga pris   mÃ¥ prioriteres!",tw,1,2,1,1,1
1222631790223003648,". @USER Flott du maner til kamp mot nettets. Men da mÃ¥ rere bli flinkere til Ã¥ oppdra Frp nÃ¥r dere sitter i regjering sammen neste gang (Gud forby det skjer, men...)",tw,1,2,1,1,1
12021,Navn Navn.koster ikke sÃ¥ mye Ã¥ drifte en bom i dag.som fÃ¸r.en bom til eller fra spiller liten rolle.,fb,1,1,1,1,1
567,Som forventet slik dere holder pÃ¥,fb,1,1,1,1,1
3187,"Navn Navn Navn , sÃ¥ hun er ikke en terrorsiktet IS kvinne ? ğŸ¤¡ hun var turist i Syria assa. Men da sÃ¥Ã¥Ã¥Ã¥Ã¥ ğŸ¤¡",fb,2,2,2,1,2
1201055062480637952,@USER @USER @USER @USER @USER Ja spesielt Islam og kommunisme Jarl,tw,1,1,1,1,1
12595,"Greit det, ğŸ˜€ Om det er sÃ¥ veldig fint senere i livet, er en annen sakğŸ˜†",fb,1,1,1,1,1
1225782545566052352,"@USER @USER Jakke til tusenvis av kroner, tÃ¥ler minus 20. Joggesko for sommerbruk, ankelsokker og kort svart jeans. Er Moe der som jeg ikke helt skjÃ¸nner...ğŸ˜Œ",tw,1,1,1,1,1
9592,"Navn Navn : Tror du heller skal be noen om Ã¥ se nÃ¦rmere pÃ¥ lederkulturen i NAV. Hvem blir ledere, hvilken kultur styrer de sine ansatte etter og hva mÃ¥les de pÃ¥? Det er ansatt masse dyktige folk i NAV som tydeligvis ikke blir lyttet til, sÃ¦rlig ikke om de kommer med brysom kunnskap eller forslag. Hvem blir vÃ¦rende i organisasjonen og hvem slutter? Osv.",fb,1,1,1,1,1
1225165458678145026,@USER @USER @USER @USER @USER @USER Burde det ikke da ogsÃ¥ fÃ¥ konsekvenser for Ã¥ delta i eller gi pengegaver til organisasjoner som indirekte sÃ¸rger for Ã¥ monopolisere markedet og inntektene av narkotika til fordel for kriminelle og terrorister?,tw,1,1,1,1,1
1219699695989207040,Thunberg: â€“ Huset vÃ¥rt brenn framleis ( #nyheter,tw,1,1,1,1,1
4680055477,"Liten vits Ã¥ gÃ¥ for gull! 250 milliarder av fondet gÃ¥r til nye landsmenn pr. dags dato, og om 12 Ã¥r er tallet 500 milliarder! Om 20-25 Ã¥r er hele fondet spist opp av nye landsmenn dessverre!",rs,3,2,1,2,1
1224003019278254081,"@USER Og Didrik glemmer vel at nordiske trekk stort sett har gitt folk et fripass i Norge. Det holdt en gang Ã¥ ha Ã¸rlite mÃ¸rk hud, samt litt mÃ¸rke trekk for Ã¥ bli mistenkt for Ã¥ vÃ¦re tater, same, roma eller jÃ¸de. Mange grupper har mÃ¥tte fornekte sin opprinnelse pga dette.",tw,1,1,1,1,1
1228306841391812609,PÃ¥ tide med en nasjonal holdningskampanje mot #fyllekjÃ¸ring! #trafikksikkerhet #rusfritrafikk @USER @USER,tw,1,1,1,1,1
1222188423890591744,@USER Du sammenligner altsÃ¥ det Ã¥ fly kloden rundt pÃ¥ ferie med Ã¥ spise kjÃ¸tt for de respektive gruppene? Det glasset med cola hadde vÃ¦rt en fin sammenligning om det var ett kjÃ¸ttmÃ¥ltid for aktivisten.,tw,1,1,1,1,1
4680359636,Dessverre sÃ¥ er det jaggu to kvinner med der og............,rs,1,1,1,1,2
9916,Navn har eget firma. SelvfÃ¸lgelig vil han ha karensdager. Det sparer han penger.,fb,1,1,1,1,1
1226055328124395520,Konkursrapport Januar â€“ Svak nedgang i antall konkurser  @USER,tw,1,1,1,1,1
1217896350492372992,Hverken lÃ¸nnsbetingelser for annleggsarbeidere eller plan og bygningsloven er sÃ¥ nÃ¸ye for Norsk Vind. En smÃ¥patetisk historie! @USER â¦@USER Klimaklokken var ikke byggesÃ¸kt â€“ skal flyttes,tw,1,2,1,1,1
6537,Kan du forklare hva du mener med det kÃ¸murchu?,fb,1,1,1,1,1
12284,"Navn Navn Navn nÃ¥ var d snakk om FrP og FrP er for EU , at de nÃ¥ er imot er vel mest for og tekkes sine velgere, spor ikke av trÃ¥den om FrP, de vil ha alt over pÃ¥ private hender, legge ned alt offentlig,",fb,1,1,1,1,1
1221382408232165376,@USER Ikke vÃ¦r sÃ¥ nesevis unge mann. Ellers kjÃ¸rer jeg rullatoren rett i deg.,tw,2,1,2,2,1
4678250295,NÃ¥r det ikke er lÃ¸nnsomt for politikere og media mer ğŸ‘,rs,1,1,1,1,1
1219314447740755969,"FrP politiker pÃ¥ TV - ""Jammen tobakk er #lovlig og #narkotika er #ulovlig"", sa hun i en debatt. Mange led med bÃ¥de #FrP, - og da vi hadde #AP.",tw,1,1,1,1,1
5124,Det er ingen overvÃ¥kingskamera i hovedstaden. Bare dÃ¸den som er et overbevisende bevis for politiet.,fb,2,2,1,1,1
12870,Om norsk Ã¸konomi er pÃ¥ vei til krasjlanding nÃ¥ sÃ¥ er vel det bare forsmaken pÃ¥ hva som kommer om mdg og resten av caffe latte gjengen i Oslo fÃ¥r regjeringsmakt.,fb,2,1,2,1,2
1219901341931315200,Stengt pÃ¥ grunn av fare for ras,tw,1,1,1,1,1
10561,Jeg fryser pÃ¥ ryggen av disse motbydelige diktatoriske utsagnene...Slutt med dette..,fb,2,1,1,2,1
1224647616753033217,"@USER I #Spania har riksadvokaten bestemt at #nynazister tilhÃ¸rer minoriteter som er ekstra utsatt for hat, og har derfor bestemt at de vel lov skal beskyttes.",tw,1,1,1,1,1
4679682719,"Men hvordan vil Sem-Jacobsen utkonkurrere alternative medier? Hun mener vel Ã¥ utslette redaksjonene, ved Ã¥ sende dem til GULag? Fakta er, at i en konkurranse med fair play vil hun aldri fÃ¥ sitt Ã¸nske oppfylt.",rs,1,1,1,1,2
9458,"NAV-skandalen er et svÃ¦rt sÃ¦regent tilfelle! ""De tre regjeringspartiene sammen med FrP sÃ¸rget, som ventet, for flertall. Regjeringens begrunnelse er at den ikke Ã¸nsker bidra til en presedens der interne dokumenter overleveres til Stortinget annet enn i helt sÃ¦regne tilfeller.""",fb,1,1,1,1,1
1218868948428632065,"@USER @USER Det er riktignok fÃ¸rst nÃ¥r hun er dÃ¸mt at hun fÃ¥r bÃ¦re sitt Ã¦resstempel terrorist (det var det hun oppsÃ¸kte). Men bÃ¥de UD og PST har definert henne som terrorist, det er neppe ett ord dem lett benytter uten grunn. Hun ble holdt fanget, siden hun er/var en trussel i Syria. Turist?",tw,1,1,1,1,2
1224242835433644032,"@USER @USER Bernie Sanders har mange trofaste tilhengere. Og han har et godt testet opplegg.  Jeg tror ikke at han kan bli president, men han kan bli presidentkandidaten for sitt parti. Jeg kan ikke se tegn pÃ¥ at han er svekket av helseproblemer ennÃ¥ selv om han fikk hjerteproblemer. Enig.",tw,1,1,1,1,1
4680949593,Send de til Texas!,rs,1,1,1,1,1
4685838793,"Ja,men slett ikke sÃ¥ det monner.",rs,1,1,1,1,1
1225791936419725312,@USER Litt som nÃ¥r turoperatÃ¸rene fant ut at to homofile menn uten barn var en gullgruve Ã¥ selge reiser til. Svaret er at man er meget blÃ¥st.,tw,1,2,1,2,1
12669,Navn Navn dummeste jeg har lest pÃ¥ lenge ğŸ˜‚ğŸ˜‚ğŸ˜‚ğŸ˜‚ğŸ˜‚ğŸ˜‚ğŸ˜‚ğŸ˜‚,fb,1,2,1,2,1
6947,FÃ¸rst gjÃ¸re seg til tyv ogsÃ¥ ska han ha lÃ¸nn for strevet ğŸ˜‚ğŸ˜‚ğŸ˜‚,fb,3,1,1,1,1
10610,Dropp matpakka til MDG,fb,1,1,1,1,1
10225,"Navn Navn Hurra ,da er vi to.De fÃ¥r stÃ¸tte Â«De grÃ¸nne skifteÂ»og Paris avtalen de som vil eller tror vi kan styre solen.Noen vil jo bli millionÃ¦r pÃ¥ dette vÃ¥set ogsÃ¥,Globalistene er sÃ¥ ynkelige og lett gjennomskuerbare.ğŸ™‰ğŸ™ˆğŸ™ŠğŸ’ğŸ•·ğŸ•·",fb,1,2,1,1,1
1214293636541755392',"Winnipeg Bilutleie â€“ Winnipeg Bilutleie Hovedstaden i Manitoba og dens stÃ¸rste by,\nWinnipeg er et vennlig, avslappet sted med et temperamentelt klima\nog begrenset, men godt",tw,1,1,1,1,1
1218182970063958023,"Hun sier at hun flyktet fra trusselen om tvangsekteskap (trussel ved den samme familien som hun nÃ¥ lengter tilbake til), hun hevder at hun ikke ante hva hun dro til, hun sier (i motsetning til hva hun har sagt tidligere) og at hun tar avstand fra IS.",tw,1,1,1,1,1
1213441716369403905',"@USER Takk. Det er et godt dokumentert fenomen, ikke mist fra Yellowstone i 88. Men klima-idiotene bryr seg ikke om fakta. De VIL ha panikk.'",tw,2,2,2,2,1
1223961065773584384,@USER @USER @USER Burde heller diskutere hvorfor ett politisk parti har en Ã¸y dÃ¦r di hjernevasker ungdommer.,tw,1,2,1,2,2
1221052805894590464,"@USER Koselig med Svenske,Franske,Tyske,Engelske tilstander som er pÃ¥ nippet til ukontrollert. Lei av naive politikere som skal spille snill gutt/jente.",tw,2,2,1,1,1
4685118364,Enig. Ta en dna test og send dem pÃ¥ huet og rÃ¦va tilbake det de hÃ¸rer hjemme.,rs,5,4,3,4,5
8182,FÃ¥r se hva meningsmÃ¥lingene sier til dette ;-),fb,1,1,1,1,1
9982,"Navn De som jobber i barnehager plukker hvertfall opp en del den fÃ¸rste tiden... Jeg har bare hatt utplassering en uke i en pÃ¥ ungdomsskolen, og klarte Ã¥ pÃ¥dra meg vannkopper. Jobbet ikke da, men var syk en mÃ¥ned.",fb,1,1,1,1,1
1232726473779359745,"@USER Haha, ser den! Ville bare ikke ha et navn med hore i seg.",tw,2,1,2,1,1
14876,"Dette er hva som skjer nÃ¥r ""prank""-kanaler blir populÃ¦re pÃ¥ youtube",fb,1,1,1,1,1
10500,Ja hvorfor ikke la Norge bli som Rosengren sa : den siste sovjet republikk. De har snart greid det nÃ¥. Erna vil at alle skal betale ekstra 10 000kr for at de skal ta inn invandrere. Er hun blitt Â«stand up KomikerÂ».,fb,2,2,1,1,2
1221319959051165697,"FÃ¸lg @USER som er en viktig ung klimaaktivist fra Uganda. Jeg var i Uganda for 12 Ã¥r siden, og ble helt forskrekket over de store klimaendringene der som hadde skjedd pÃ¥ kort tid.  Nakate ble forresten klippet ut av bildet her - helt uakseptabelt.",tw,1,1,1,1,1
1228727292358283265,"@USER @USER @USER I dag lagres det svÃ¦rt lite karbon i landbruksjorda pga kunstgjÃ¸dsel og plÃ¸ying. Skal beite bidra til karbonlagring mÃ¥ husdyrholdet legges om, noe som ogsÃ¥ innebÃ¦rer fÃ¦rre dyr enn i dag.",tw,1,1,1,1,1
1224359836281950210,"@USER @USER @USER @USER @USER @USER @USER Skal seie du har god tid pÃ¥ Twitter i dag. DÃ¥ kan du sjÃ¸lvsagt svare pÃ¥ om du er imot fascisme. Du har ikkje svart pÃ¥ det, skjÃ¸nnar du.",tw,1,1,1,2,1
5238,Og der kan de bli vÃ¦rende.....de voskne,fb,2,1,1,1,1
12295,Navn Navn Navn Hva mener du med brun?,fb,1,1,1,1,1
1224071432436690946,"Helt enig med bÃ¥de @USER og @USER her. Er pÃ¥ ingen mÃ¥te for abort eller en Â«aborttilhengerÂ». Jeg er for kvinnens rett til Ã¥ bestemme. Det interessante dog, fra mange debatter jeg har vÃ¦rt i  / sett pÃ¥, er overlappet mellom de som er imot all abort og for dÃ¸dsstraff.",tw,1,1,1,1,1
1222415119562526722,"NÃ¥r kan vi fÃ¥ politiker- oppmerksomhet pÃ¥ forebygging, folkehelse og breddeidrett @USER ? HÃ¸r @USER intervju med Trond Mohn som inspirasjon.",tw,1,1,1,1,1
1217866932621365248,"Fra i dag: Business as usual. Saken snus pÃ¥ hodet. Fra krigeren som skulle gÃ¥ til motsÃ¸ksmÃ¥l, til det stakkars offeret som angivelig tilbÃ¸d rettsmekling - med helt urimelige krav. Hun kunne lagt frem en second opinion som motbeviste rapporten, og ferdig med den.",tw,1,1,1,1,1
9162,Nei takk er vel det siste parti jeg vil bli medlem av ğŸ˜¢ğŸ˜¨,fb,1,2,1,1,2
971,Navn Navn Nei det er ikke rart nÃ¥r sÃ¥nne som deg lar seg provosere av simpel humor.. ğŸ˜‹,fb,2,2,2,2,1
1218601321902813184,@USER Fikk just bilde av en jente som ga bj pÃ¥ DMğŸ˜£,tw,2,1,2,1,2
1221534254993223680,@USER De kunne jo prÃ¸vd med Â«dagens kjÃ¸ttÂ» og Â«dagens fiskÂ» bare for Ã¥ se hva som skjer?,tw,1,1,1,1,1
4681881538,"Det skjer ikke noe med klima om vi slutter Ã¥ spise kjÃ¸tt, Hanne....",rs,1,1,1,1,2
1220720324360179715,@USER ...jeg er dum. Jeg leste ikke godt nok og trodde det var all-in rentekostnad...,tw,1,1,1,1,1
1222787945482067969,Kjipt. Â«Babylon BerlinÂ» kommer ikke fÃ¸r til hÃ¸sten pÃ¥ NRK,tw,1,1,1,1,1
4953,Navn Navn Vel de har visst penger nok nÃ¥r det er enkelte andre som trenger hjelp..,fb,1,1,1,1,1
1222687948270903296,@USER @USER Blir et spennende land nÃ¥r bare det du liker fÃ¥r nyte alle skattepengene dine !,tw,1,1,1,1,1
13333,"Vi i Norge reiser jo selv mye og til andre land og ferierer. Da mÃ¥ man tÃ¥le Ã¥ fÃ¥ turister tilbake. Men her til lands venter man til det blir irritasjon av det pga manglende toaletter etc. Turisme/turister er kommet for Ã¥ bli, og da mÃ¥ man legge til rette for det snarest.",fb,1,1,1,1,1
4677750813,"Enig, har sett diverse dokumentarer pÃ¥ TV med kirurgiske instrumenter som skitne glasskÃ¥r og rustne barberblad. Det gjÃ¸r vondt at noen jentunger skal lese dette og tro at det er normalen. Hege Ulstein forsikrer og du fÃ¥r kvinnelig kraft og makt??",rs,1,1,1,1,1
4675949919,"Ja, og glem ikke de fra Afrika.....",rs,1,1,1,1,1
4660309758,HÃ¸rte justisministeren pÃ¥ NRK. Han var nesten pÃ¥ linje med sosionomane NRK hadde henta inn. Er vel ikkje anna Ã¥ vente nÃ¥r han mÃ¥ styre sammen med alle kjerringane i dei andre partia?,rs,2,2,2,2,3
1139,Navn Navn ğŸ˜‚ ikke bare bare pÃ¥ de gruppene.. Hjelpes ğŸ™„,fb,1,1,1,1,1
1219624528655147012,"@USER Kan du som er stipendiat og greier forklare en stakkars pensjonist hva det er ""Ã¥ ikke vÃ¦re rettslig obligert i speilvendt perspektiv?""",tw,1,1,1,1,1
8934,Navn Navn Navn for de jobbe mer....for og fÃ¥ det til,fb,1,1,1,1,1
4677217664,Han vil altsÃ¥ bli tiltalt med pronomen they/them; har jeg forstÃ¥tt ham korrekt da at han anser seg selv Ã¥ vÃ¦re i flertall?Da snakker vi splittet personlighet.,rs,2,1,1,1,1
926,JÃ¸ss trodde fÃ¸rst det var 1.april i dag ... ğŸ¤£ğŸ¤£ğŸ¤£,fb,1,1,1,1,1
1229422086562680835,"Hva er hatprat her, og vi vet at det dreper.",tw,1,1,1,1,1
1224438801855991811,Qamyar Ghomi ny kommersiell chef pÃ¥ LRF Media,tw,1,1,1,1,1
9083,Navn Navn Navn ja sÃ¥ stygge ord mÃ¥ jo komme fra en som ikke hadde det sÃ¥ bra i heimen lurer pÃ¥ hvem som er nazi her ğŸ¥¶,fb,2,1,2,2,2
4683922184,Pisk og gulerot? Kanskje USA burde akseptere Nazi Tyskland sin kapitulasjon og trekke styrkene sine ut i stedet?,rs,3,1,1,1,2
1224626598512558080,"HÃ¸yskolekolleger ved HINN slakter Thomas Nordahls ""smilefjesmetode"": Innlegg i @USER",tw,1,1,1,1,1
1228728332252012547,"HÃ¸yre/ konservative er opptatt av at ""lovverket vi lager eksempelvis, skal vÃ¦re oppnÃ¥elig Ã¥ hÃ¥ndheve."" Innenfor justisfeltet er det eksempel pÃ¥ sterk stat (sivile og politiske rettigheter). Andre, som sosialdemokrater, prioriterer Ã¸konomisk trygghet (det sosiale)  = sterk stat.",tw,1,1,1,1,1
5732,Ta det med ro. Det er flere steder i marka det gÃ¥r an Ã¥ finne emner til steinÃ¸kser.,fb,1,1,1,1,1
8096,"Det burde absolutt vÃ¦rt et eldrevern likt barnevern, som kunne kommet med politi og tvangsflyttet beboere. Er sÃ¥ mye stygge holdninger blant personale, Ã¥ veldig skremmende at de med utdanning er verst. Empatien forsvant en plass pÃ¥ veien, hvis den i det hele tatt var der fra begynnelsen.. Stakkars de eldre i dagens samfunn.",fb,1,2,1,1,1
1217477659472683009,"@USER FrpSpKrf for de store og rike gÃ¥rdsbrukene, men mot de smÃ¥?",tw,1,1,1,1,1
1228659090747985920,"Da jeg stort sett hÃ¸rer pÃ¥ annen type musikk en lesbisk mgp-musikk med bismak @USER , sÃ¥ tror jeg at dette ikke er noe for meg.",tw,4,3,2,2,1
6645,"Hege, er det en kvinne i Norge jeg virkelig respekterer, sÃ¥ er det deg. StÃ¥ pÃ¥ !",fb,1,1,1,1,1
1222453261359251457,"@USER @USER SkjÃ¸nner. Mediet som bringer en nyhetssak er for deg viktigere enn sakens natur; at en sosialistisk politiker er dÃ¸mt for Ã¥ fremme seksuelle overgrep mot barn. Siden mediet er feil, sÃ¥ er det nazze-propaganda. Greit. Det har jeg nÃ¥ fÃ¥tt med meg.",tw,2,1,1,1,2
1222461948031373312,@USER @USER @USER @USER @USER Som vanlig vil jeg sette sÃ¸kelyset pÃ¥ vÃ¥r problematiske bruk av dyr og hvor lite deres behov egentlig betyr nÃ¥r vi setter det opp mot vÃ¥rt Ã¸nske om Ã¥ produsere mat vi liker billigst mulig. Jeg vil si man forsvarer det dersom man 1. er informert og 2. fortsetter Ã¥ kjÃ¸pe det.,tw,1,1,1,1,1
1222604248527097856,"@USER @USER Jo, lang tiss... ğŸ™ŒğŸ» men spÃ¸rs litt hvor i USA ogsÃ¥... men bare hold â€˜an oppe for sikkerhets skyld ğŸ˜…",tw,1,1,1,1,1
10201,"Da fÃ¥r det bli Ã¸kologisk landbruk ,og stÃ¸tte opp under det,og forlange at den mÃ¥ten man nÃ¥ behandler dyr mÃ¥ det bli slutt pÃ¥,og om alle minsker noe pÃ¥ kjÃ¸ttinntak, vil det hjelpe,men og ""total forby ""at folk skal spise kjÃ¸tt,vil nok ikke gÃ¥,det blir for provoserende.",fb,1,1,1,1,1
1234581053739634688,"@USER @USER Det er en mellomting mellom bikini og lang, vid kjole. Ingen i Norge sprader rundt i bikini, utenom badestrender.",tw,1,1,1,1,1
1226868496665018368,NÃ¥ lover Kjell Ingolf Ropstad Ã¥ rydde opp i hvilke rÃ¥d fagfolk fÃ¥r lov til Ã¥ gi unge bÃ¥de med og uten trans-problematikk.  Som er sÃ¥ jÃ¦vla skummelt at jeg har mest lyst til Ã¥ legge meg i fosterstilling og grÃ¥te meg ihjel.,tw,1,2,2,2,2
1218494667018375170,"Har du valgt rett arbeidsplass? En som skaper begeistring hos deg, andre ansatte og ledere? Bli der om du kan - og vit at du har gode muligheter for  GOD HELSE!! ğŸ˜€",tw,1,1,1,1,1
4658780508,"En ting har vi lÃ¦rt av dette sirkus, og det er at demokratiet er dÃ¸d, det hjelper ikke noget at stemme ved folkeavstemninger hvis ikke politikerne fÃ¥r deres vilje, her mÃ¥ borgerne ta saken i egen hand, dem fleste vet hvad det betyder",rs,1,1,1,1,1
9542,"Et slikt ombud hadde vÃ¦rt fint, da de kan fÃ¥ alle klager og gÃ¥ igjennom de. Men de mÃ¥ kunne regler og lover ellers blir det bare tull.",fb,1,1,1,1,1
1220755531872317447,@USER @USER @USER Varden-journalist Arve Moen ikke spesielt imponert over verken Glimt eller dommer.,tw,1,1,1,1,1
1225840470309339136,@USER Slik er det nÃ¥r ein kjem rett frÃ¥ statsrÃ¥d pÃ¥ Slottet (der mÃ¸rk dress er pÃ¥krevd)... ğŸ‘‘,tw,1,1,1,1,1
11201,SÃ¥ se til helvette fÃ¥ den idioten ut av norgeğŸ‘,fb,3,3,3,3,5
1220676961527324673,De Ã¥penlyst kriminelle eierene av Westerdahls burde vÃ¦rt i fengsel.,tw,1,3,1,1,3
1218264467374583809,"Det er mulig det har med utviklingen i det amerikanske samfunnet Ã¥ gjÃ¸re , men Trump er nok uttrykk for det forgagne .",tw,1,1,1,1,1
1219873559931170817,Joe Biden viser seg som en notorisk lÃ¸gner.,tw,1,2,1,2,2
1227564798323367936,"@USER @USER NÃ¥r begge kjÃ¸nn vet konsekvensene av en graviditet, sÃ¥ vil jeg tro du vil fÃ¥ en mye stÃ¸rre pÃ¥passelighet nÃ¥r det kommer til prevensjon fra BEGGE kjÃ¸nn. Valgfri prevensjon burde vÃ¦re gratis til alle kvinner OG menn fra 16 Ã¥r. Abort til prostituerte og ved voldtekt. Unfair?",tw,1,1,1,1,1
4720,Navn Navn GjÃ¸r de ikke? Vet du mer enn politiet om hvem som tenner pÃ¥ bilene? De fleste brannene er jo uoppklarte,fb,1,1,1,1,1
1224662697247113217,Vi er i dag to medarbeidere i kommunikasjonsavdelingen og Ã¸nsker Ã¥ styrke laget med en ny fast ansatt. Vi trenger en medarbeider med kompetanse pÃ¥ flest mulig av kommunikasjonsavdelingens arbeidsoppgaver.,tw,1,1,1,1,1
1228441045161172992,"@USER @USER Jeg har vÃ¦rt utlending i seks land i tilsammen 27 Ã¥r. Ett Ã¥r tilbake i Norge, og godt mÃ¥ jeg si det er Ã¥ slippe rasisme og diskriminering. ğŸ˜Š",tw,1,1,1,1,1
1225720904207958016,Hva da nÃ¥r man sloss i en hockeykamp. Ikke at dette skal forsvares Fredriksstad Blad - 25-Ã¥ring slo ned motspiller â€“ nÃ¥ er han dÃ¸mt til fem mÃ¥neders fengsel,tw,1,1,1,1,1
4683837710,"Terror er bra pÃ¥ venstresiden ja, der Antifa er den voldelige kjÃ¦ledeggen som aldri fÃ¥r skjenn. Spre frykt bare, dere er jo de gode terroristene sier venstresiden.",rs,1,2,1,1,4
1223945903817601024,"@USER @USER @USER Jeg spiser tofu fra Nederland. Klima-, miljÃ¸- og dyrevennlig. Hvilken dialog kan jeg fÃ¸re med de som tjener penger pÃ¥ Ã¥ selge torturert kylling foret opp pÃ¥ soya fra Brasil? De vil bekjempe min mat, jeg vil bekjempe deres levebrÃ¸d.",tw,1,1,1,1,2
3854,Navn Navn la nÃ¥ damene ta denne debatten... ğŸ¤¦ğŸ¼â€â™‚ï¸,fb,2,1,2,1,2
4685006619,Bare Ã¥ finne en rolig avsides plass Ã¥ leke seg litt nÃ¥. Jippiiii,rs,1,1,1,1,1
1218037192506912768,j\*~â‚¬*{*&lt;â‚¬. ABORT ABORT ABORTENSJF,tw,1,1,1,1,1
1219704201397317632,"@USER â—Eldres rettigheter. Spesielt pleietrengende eldre, pÃ¥ institusjon og hjemmeboende. â—Kreftsyke som ikke fÃ¥r tilbud om riktig medisinsk behandling pga alder, bosted, sosial status o.l â—Nordmenn som er strandet i utlandet, ikke fÃ¥r hjelp av UD. Og blir fratatt sine rettigheter",tw,1,1,1,1,1
4684518305,.All erfaring tilsier at hunder ikke er urene.Hva man kan si om tilhengerne av visse religioner vil jeg ikke uttale meg om her..,rs,1,2,3,3,1
1222837238385561600,@USER SpÃ¸r og land i #afrika   Kva er feil med Ã¥ eksportere rÃ¥varer og importere forbruk  ?  Kva er feil at utanlandske eigarar flyttar pengane til skatteparadis  ?,tw,1,1,1,1,1
1218094405133000704,"@USER Ulv ulv ,sÃ¥ var det bare ullhuene ğŸ˜œ",tw,1,1,1,1,1
1228608956416888833,"@USER Ta deg en ny rev nÃ¥, gutt. Du er helt far out",tw,1,3,2,2,2
1221395697523744769,"@USER You're just trying to confuse the issue :)  @USER har talt. (Der skriver dem forÃ¸vrig at ""Hvis [media] kjenner navneeierens eget Ã¸nske, bÃ¸r de respektere det."" men vi fÃ¥r la den ligge ;) )",tw,2,1,1,1,1
1214655338558951427',@USER @USER @USER Viktig at du leser det Tonje sier i artikkelen! Bompengegrangelen innad i regjeringen varte i 3 mÃ¥neder! og resultatet av del sÃ¥ uklart at selv dere ikke hadde det klart! En krangel som kunne vÃ¦rt unngÃ¥tt med god ledelse og ikke minst om KLIMA hadde vÃ¦rt tatt pÃ¥ alvor!',tw,1,1,1,1,1
4663777199,"RE: ""Boligbyggingen i Oslo er redusert med 60 prosent pÃ¥ ett Ã¥r. Dette er altfor lite mÃ¥lt mot befolkningsveksten i hovedstaden.""Hva bestÃ¥r mesteparten av befolkningsveksten av ? Lykkejegere fra den tredje verden som lever pÃ¥ NAV ?",rs,3,1,2,2,2
